name;email;password
Mrs. Elisabeth Bartell;adrian44@wiza.com;Pa$$w0rd
Gussie Parisian;clyde38@morar.org;Pa$$w0rd
Dr. Victor Okuneva Jr.;denesik.milo@miller.com;Pa$$w0rd
Prof. Lorenz Schneider III;labadie.margot@bogisich.com;Pa$$w0rd
Mr. Vidal Torphy MD;rkeeling@yahoo.com;Pa$$w0rd
Prof. Jasmin Jenkins;reynolds.vesta@considine.com;Pa$$w0rd
Haylie Heidenreich;jmann@lesch.com;Pa$$w0rd
Erna Balistreri;rocio48@abernathy.info;Pa$$w0rd
Floy Beatty;garry91@rippin.com;Pa$$w0rd
Arnaldo Okuneva;noemi11@hotmail.com;Pa$$w0rd
Ms. Justine Jenkins DVM;gussie.ebert@yahoo.com;Pa$$w0rd
Dr. Rashad Bode;plueilwitz@skiles.biz;Pa$$w0rd
Colten Cartwright;hauck.keegan@gleichner.biz;Pa$$w0rd
Kristy Cormier;marvin.lavina@dicki.com;Pa$$w0rd
Alicia Wunsch;rmetz@rogahn.biz;Pa$$w0rd
Reyes West;darrell11@yahoo.com;Pa$$w0rd
Rozella Schamberger;mariela01@gmail.com;Pa$$w0rd
Lenny Glover;marks.drake@berge.net;Pa$$w0rd
Dr. Scot Pacocha;dhaag@yahoo.com;Pa$$w0rd
Briana Veum;hermann.stefanie@dibbert.net;Pa$$w0rd
Harold Ankunding;maximilian67@langworth.info;Pa$$w0rd
Miss Madalyn Greenholt PhD;romaguera.oceane@gmail.com;Pa$$w0rd
Evangeline Hill;jameson30@ohara.com;Pa$$w0rd
Isidro Grady;kozey.horacio@stoltenberg.com;Pa$$w0rd
Cory Bailey;gerlach.kelley@crooks.com;Pa$$w0rd
Ignacio Konopelski;xlakin@hotmail.com;Pa$$w0rd
Kariane Corkery;rowland88@hotmail.com;Pa$$w0rd
Ms. Maggie Stokes V;kling.thaddeus@crona.net;Pa$$w0rd
Dr. America Kihn;jraynor@yahoo.com;Pa$$w0rd
Dr. Earline Hessel Sr.;joshuah24@grimes.org;Pa$$w0rd
Kylee Schoen;clovis.beatty@gmail.com;Pa$$w0rd
Robin Crona;dwyman@gmail.com;Pa$$w0rd
Barry Weimann;sofia53@adams.net;Pa$$w0rd
Mina Fisher;rflatley@nitzsche.info;Pa$$w0rd
Augustus Herzog;ashley18@yahoo.com;Pa$$w0rd
Mauricio Ziemann;reyna.renner@hotmail.com;Pa$$w0rd
Mrs. Lois Kihn II;randal.batz@schuster.biz;Pa$$w0rd
Dr. Luella Kohler DVM;arely.gutkowski@gmail.com;Pa$$w0rd
Mr. Nicola Grimes;joseph.jenkins@will.biz;Pa$$w0rd
Ana Carroll;clyde.hyatt@gmail.com;Pa$$w0rd
Kole Bahringer MD;kylee99@prosacco.com;Pa$$w0rd
Ms. Julie Larson V;pearl.kuphal@yahoo.com;Pa$$w0rd
Ms. Pearline Schulist IV;labadie.karli@yahoo.com;Pa$$w0rd
Mr. Myles Murazik Sr.;kirlin.stuart@haley.com;Pa$$w0rd
Hassie Nicolas;hane.bridget@grant.com;Pa$$w0rd
Prof. Derrick Homenick IV;dayne85@wyman.com;Pa$$w0rd
Dr. Jordi Oberbrunner MD;lonnie35@hotmail.com;Pa$$w0rd
Selena Lynch;fwehner@hotmail.com;Pa$$w0rd
Alexandra Kulas;gherzog@gmail.com;Pa$$w0rd
Danny Dietrich;inicolas@hill.com;Pa$$w0rd
Prof. Hyman Koss DDS;mckenzie.jana@gmail.com;Pa$$w0rd
Kara Borer I;darion91@maggio.info;Pa$$w0rd
Georgianna Schaden I;huel.meaghan@hotmail.com;Pa$$w0rd
Jamal Aufderhar I;considine.flavio@balistreri.com;Pa$$w0rd
Sunny Kautzer;fupton@gmail.com;Pa$$w0rd
Retta Cole II;roberts.lenore@hotmail.com;Pa$$w0rd
Mrs. Fleta Tromp;jacobs.alex@gmail.com;Pa$$w0rd
Lacy Ankunding;dejuan.schaden@lueilwitz.biz;Pa$$w0rd
Linnea Gulgowski;london.konopelski@gmail.com;Pa$$w0rd
Myrtis Dickinson;cassidy.mayer@emard.org;Pa$$w0rd
Dr. Linnie Greenholt;fkertzmann@kirlin.org;Pa$$w0rd
Micheal Morar;cbatz@gmail.com;Pa$$w0rd
Dr. Michel Hauck I;rrath@hotmail.com;Pa$$w0rd
Dr. Sherman Kub PhD;wwill@yahoo.com;Pa$$w0rd
Arno Runolfsson;bayer.jalyn@gmail.com;Pa$$w0rd
Chance Schuster;eschiller@gmail.com;Pa$$w0rd
Marcellus Jenkins;valentine.carroll@bahringer.com;Pa$$w0rd
Ms. Eudora Feeney;cody.sipes@hartmann.com;Pa$$w0rd
Brandt Kovacek;imonahan@waelchi.com;Pa$$w0rd
Gunnar McGlynn;alexzander.balistreri@gmail.com;Pa$$w0rd
Oswald Skiles;jovani.hessel@yahoo.com;Pa$$w0rd
Daryl Lehner;ynitzsche@hills.com;Pa$$w0rd
Hailee Corkery;modesto.gottlieb@hotmail.com;Pa$$w0rd
Alva Ledner;pcruickshank@hotmail.com;Pa$$w0rd
Oleta Parker;akoch@hotmail.com;Pa$$w0rd
Marielle Bailey;xgreenholt@yahoo.com;Pa$$w0rd
Prof. Buddy Green I;idella84@thiel.org;Pa$$w0rd
Lavinia Cummings;robin95@marquardt.biz;Pa$$w0rd
Mrs. Shanon Sipes;hand.leopoldo@yahoo.com;Pa$$w0rd
Tremaine Gaylord;cormier.alfred@stanton.org;Pa$$w0rd
Shawna Medhurst;jean02@hotmail.com;Pa$$w0rd
Anika Gorczany;pfeffer.winnifred@gmail.com;Pa$$w0rd
Mallie Kirlin;zelma.luettgen@langworth.com;Pa$$w0rd
Dr. Alanis Funk DVM;clarson@koss.com;Pa$$w0rd
Stephanie Von;dessie88@hotmail.com;Pa$$w0rd
Prof. Jay Jast Jr.;ptreutel@schneider.org;Pa$$w0rd
Haleigh Lakin;kiera.fay@ledner.info;Pa$$w0rd
Mr. Zander Runte;niko46@gmail.com;Pa$$w0rd
Jonathon Trantow;mauricio.abernathy@hotmail.com;Pa$$w0rd
Rowena Kessler III;ciara86@gmail.com;Pa$$w0rd
Ms. Makayla Witting;winifred05@hotmail.com;Pa$$w0rd
Kristin Schaefer;kyla03@mann.net;Pa$$w0rd
Liam Langworth PhD;king.oren@brown.com;Pa$$w0rd
Jessika Murray;orice@yahoo.com;Pa$$w0rd
Emanuel Rice;mylene.cummerata@yahoo.com;Pa$$w0rd
Junius Green;cormier.ashlynn@hotmail.com;Pa$$w0rd
Hilda Weber V;von.kali@gmail.com;Pa$$w0rd
Constance Veum;harris.adela@rau.com;Pa$$w0rd
Mr. Efren Ritchie I;juliana01@corwin.org;Pa$$w0rd
Marques Turcotte;shanie.osinski@hotmail.com;Pa$$w0rd
Dr. Luis Breitenberg III;torphy.rae@littel.com;Pa$$w0rd
Winona Dicki DVM;greta.hirthe@crooks.com;Pa$$w0rd
Mr. Anthony Jacobs;homenick.rhianna@jast.com;Pa$$w0rd
Prof. Brice Goldner MD;mortimer.torp@hyatt.biz;Pa$$w0rd
Dr. Burley Kutch;qpouros@yahoo.com;Pa$$w0rd
Liliane Bechtelar I;osbaldo.hauck@hotmail.com;Pa$$w0rd
Llewellyn Anderson;pmarquardt@hotmail.com;Pa$$w0rd
Mrs. Ethyl Ratke MD;molly.senger@adams.com;Pa$$w0rd
Jewell Emmerich;dkoepp@hotmail.com;Pa$$w0rd
Albin Shields;otilia.spencer@hotmail.com;Pa$$w0rd
Jalyn Bergstrom;mledner@maggio.com;Pa$$w0rd
Neoma Ritchie;rhaag@gmail.com;Pa$$w0rd
Ashleigh Glover;krystal23@yahoo.com;Pa$$w0rd
Mr. Watson Hudson DDS;ivory.rosenbaum@cronin.com;Pa$$w0rd
Dr. Evelyn Boyer;trystan.kertzmann@yahoo.com;Pa$$w0rd
Miss Lois Carroll PhD;noemy04@hotmail.com;Pa$$w0rd
Teresa Murray;chesley28@yahoo.com;Pa$$w0rd
Alejandrin Littel;jennie59@gmail.com;Pa$$w0rd
Josh Kautzer;patsy.mcdermott@kling.com;Pa$$w0rd
Laurel Herzog;terrill.stracke@carter.biz;Pa$$w0rd
Donald Jerde;grimes.beverly@hotmail.com;Pa$$w0rd
Edna Klocko;gabrielle88@yahoo.com;Pa$$w0rd
Reta Leuschke;rachelle.hauck@hotmail.com;Pa$$w0rd
Ruthie Pfeffer;vicky.vandervort@hotmail.com;Pa$$w0rd
Rebecca Strosin;dane41@reinger.biz;Pa$$w0rd
Miss Thora Little V;davis.anissa@gmail.com;Pa$$w0rd
Angus Senger;kristina78@hill.com;Pa$$w0rd
Kendra Botsford;gutmann.ida@yahoo.com;Pa$$w0rd
Carol Stark;torp.kiel@murray.org;Pa$$w0rd
Mrs. Verla Hirthe Jr.;kunze.urban@yahoo.com;Pa$$w0rd
Cecelia Grant;cortney83@gmail.com;Pa$$w0rd
Myles Ratke Sr.;qfeil@gmail.com;Pa$$w0rd
Peggie Harvey;turcotte.mervin@hotmail.com;Pa$$w0rd
Federico Batz;robel.amelie@bosco.com;Pa$$w0rd
Dr. Nikolas Baumbach;ward92@hotmail.com;Pa$$w0rd
Dr. Kale Kuphal;obernier@murazik.com;Pa$$w0rd
Dawn Pacocha;hayden.gerlach@fritsch.com;Pa$$w0rd
Melany O'Hara;issac78@gmail.com;Pa$$w0rd
Dr. Morris Huels MD;ericka.kshlerin@gmail.com;Pa$$w0rd
Jamil Murazik;wilhelm.reynolds@beahan.biz;Pa$$w0rd
Isabell Mayer I;brunolfsson@morissette.info;Pa$$w0rd
Art King;fturner@hotmail.com;Pa$$w0rd
Oswald Mayer;lhammes@yahoo.com;Pa$$w0rd
Kale Stiedemann;dasia.cartwright@hotmail.com;Pa$$w0rd
Moriah Russel;gfranecki@goyette.com;Pa$$w0rd
Grayce Dicki Jr.;ubaumbach@klein.info;Pa$$w0rd
Mrs. Maia Jast PhD;dwisoky@yahoo.com;Pa$$w0rd
Astrid Monahan;sincere21@hotmail.com;Pa$$w0rd
Dr. Salma Mante DVM;tdach@considine.com;Pa$$w0rd
Veronica Zulauf;greenfelder.kattie@herman.com;Pa$$w0rd
Shad Terry;scummings@gmail.com;Pa$$w0rd
Providenci Pfannerstill;ikertzmann@gmail.com;Pa$$w0rd
Francisco Langworth;schiller.ada@stehr.com;Pa$$w0rd
Arielle Hansen;qthompson@yahoo.com;Pa$$w0rd
Elmira Schinner;hills.king@hamill.biz;Pa$$w0rd
Idella Schroeder PhD;schneider.gustave@gorczany.com;Pa$$w0rd
Sabryna Witting;donnelly.hollis@gmail.com;Pa$$w0rd
Skylar Batz;oran16@gmail.com;Pa$$w0rd
Yazmin Thiel;schoen.jerad@rutherford.com;Pa$$w0rd
Prof. Tatyana Beier IV;lue05@haag.com;Pa$$w0rd
Adolfo Torphy;sstamm@kirlin.net;Pa$$w0rd
Vergie Satterfield;olesch@yahoo.com;Pa$$w0rd
Dolly Rutherford;lupe.russel@gmail.com;Pa$$w0rd
Wayne Lemke DVM;fausto.hill@morar.com;Pa$$w0rd
Laila Barrows;lubowitz.violette@hotmail.com;Pa$$w0rd
Zaria Mosciski;carol88@konopelski.com;Pa$$w0rd
Loy Rowe;idonnelly@gmail.com;Pa$$w0rd
Dr. Fredrick Wunsch;roderick.roberts@upton.com;Pa$$w0rd
Judd Trantow;giovanni57@hoeger.com;Pa$$w0rd
Sean Kunze;gleason.gilbert@gmail.com;Pa$$w0rd
Zula Crooks;mary29@yahoo.com;Pa$$w0rd
Grayce Gleason;hagenes.kathryne@yahoo.com;Pa$$w0rd
Prof. Louisa Leuschke;mcollier@hessel.com;Pa$$w0rd
Audreanne Kassulke;bshields@oconner.net;Pa$$w0rd
Mrs. Lacy Kovacek;grimes.marlene@walter.com;Pa$$w0rd
Sadye Kassulke;elliot.schinner@hotmail.com;Pa$$w0rd
Cordie Anderson;colleen.davis@collier.net;Pa$$w0rd
Charley Feil;gordon04@rice.biz;Pa$$w0rd
Mr. Okey Mertz;sadie91@yahoo.com;Pa$$w0rd
Ms. Yasmeen Jenkins PhD;birdie.donnelly@hotmail.com;Pa$$w0rd
Willis Rolfson MD;joelle26@bins.com;Pa$$w0rd
June Abernathy;idenesik@hotmail.com;Pa$$w0rd
Caleb Swift;ruthie.zboncak@hahn.com;Pa$$w0rd
Lucile Blanda;bartholome.hauck@gmail.com;Pa$$w0rd
Damon Schmeler;phyllis.gusikowski@nicolas.com;Pa$$w0rd
Marcellus Grant;ryley99@gulgowski.com;Pa$$w0rd
Dr. Gussie Abbott;amara.hoeger@denesik.net;Pa$$w0rd
Laurine Auer;henderson07@moen.com;Pa$$w0rd
Jerome Leffler;rolando97@okeefe.info;Pa$$w0rd
Prof. Anne Abshire MD;ullrich.manley@stark.net;Pa$$w0rd
Deshaun Sawayn PhD;lura.abbott@grimes.net;Pa$$w0rd
Mrs. Elinor Barrows PhD;collier.effie@hotmail.com;Pa$$w0rd
Lonie Deckow;rosenbaum.lupe@yahoo.com;Pa$$w0rd
Jaylen Carroll;yost.esteban@yahoo.com;Pa$$w0rd
Osbaldo Kerluke;dominic.brekke@nolan.com;Pa$$w0rd
Winston Veum;toy13@hotmail.com;Pa$$w0rd
Mr. Lamont Orn;hettinger.sarai@osinski.net;Pa$$w0rd
Vicenta Buckridge;qheathcote@gmail.com;Pa$$w0rd
Tommie Hahn;hilma.keebler@jenkins.com;Pa$$w0rd
Reilly Raynor PhD;josianne.wisoky@towne.com;Pa$$w0rd
Dagmar Harvey;manuela95@simonis.com;Pa$$w0rd
Prof. Gladyce Windler;ondricka.gabriella@yahoo.com;Pa$$w0rd
Ozella Roberts;fae.harvey@gmail.com;Pa$$w0rd
Kameron Dooley;ella.lemke@bahringer.net;Pa$$w0rd
Lelia Lesch IV;laila.pouros@gmail.com;Pa$$w0rd
Elouise Mante IV;anderson.liliana@tillman.info;Pa$$w0rd
Demetris Ferry;kurtis.glover@hotmail.com;Pa$$w0rd
Mr. Nasir Kuvalis IV;irohan@aufderhar.org;Pa$$w0rd
Dr. Jaydon Marks PhD;khudson@sawayn.biz;Pa$$w0rd
Zechariah Rolfson;yroob@hotmail.com;Pa$$w0rd
Mr. Manuel Lockman Jr.;qmueller@bartoletti.com;Pa$$w0rd
Chelsea Gutkowski DVM;dare.lina@gmail.com;Pa$$w0rd
Fleta McKenzie;waltenwerth@adams.com;Pa$$w0rd
Neil Franecki;elias09@yahoo.com;Pa$$w0rd
Meaghan Zemlak MD;jbarrows@yahoo.com;Pa$$w0rd
Brendon Spinka DDS;jaskolski.donald@kirlin.com;Pa$$w0rd
Jordane Schinner;roob.bethany@zieme.com;Pa$$w0rd
Ms. Myrtie Hyatt;einar85@bayer.com;Pa$$w0rd
Frankie Brekke;lisette.steuber@gmail.com;Pa$$w0rd
Prof. Dedrick Reichert;rolfson.lindsey@gmail.com;Pa$$w0rd
Henriette Anderson;sstehr@lang.com;Pa$$w0rd
Laverna Grant;tanya60@hessel.com;Pa$$w0rd
Prof. Vidal Cremin V;laurine96@kuvalis.com;Pa$$w0rd
Ms. Myrtice Lynch III;lenna93@bayer.com;Pa$$w0rd
Pierre Paucek;kennith33@gmail.com;Pa$$w0rd
Merl Koss III;ehagenes@hotmail.com;Pa$$w0rd
Dr. Alfonzo Bradtke;roberts.gilda@yahoo.com;Pa$$w0rd
Serena Wisoky;mkuhn@hotmail.com;Pa$$w0rd
Yazmin Connelly V;enrico61@deckow.com;Pa$$w0rd
Garland Collier;wellington65@hotmail.com;Pa$$w0rd
Kenton Barrows;dax08@gmail.com;Pa$$w0rd
Frankie Witting;cruickshank.opal@yahoo.com;Pa$$w0rd
Dortha Vandervort;kuhlman.emelia@yahoo.com;Pa$$w0rd
Palma Bayer;rhuel@will.com;Pa$$w0rd
Prof. Kamron Rath;ritchie.dolores@considine.net;Pa$$w0rd
Miss Rachelle Stehr III;keely79@rowe.biz;Pa$$w0rd
Prof. Jerel Wilderman V;lilyan.schoen@hotmail.com;Pa$$w0rd
Chaya Prohaska;tlarkin@crist.com;Pa$$w0rd
Dr. Anastacio Cormier Jr.;matteo46@hotmail.com;Pa$$w0rd
Prof. Jackson Fahey;carroll.rosetta@corwin.info;Pa$$w0rd
Prof. Barney Skiles;hintz.serena@hotmail.com;Pa$$w0rd
Bertha Lowe;jenkins.dariana@mccullough.com;Pa$$w0rd
Mr. Elias Johnston;carmine58@gmail.com;Pa$$w0rd
Otha Kreiger;gkunde@ullrich.info;Pa$$w0rd
Trace Roob;tressa94@hotmail.com;Pa$$w0rd
Miss Heloise Gibson II;lindgren.alysha@mclaughlin.org;Pa$$w0rd
Herminia Volkman;stone32@yahoo.com;Pa$$w0rd
Judson Gottlieb;ulices.kilback@yahoo.com;Pa$$w0rd
Joelle Beier V;okey.goodwin@hotmail.com;Pa$$w0rd
Jorge Spencer;fkiehn@langworth.com;Pa$$w0rd
Sadye Hegmann;cborer@hotmail.com;Pa$$w0rd
Mr. Imani Graham;destany24@yahoo.com;Pa$$w0rd
Kaya Feest Jr.;suzanne.johns@kshlerin.com;Pa$$w0rd
Santos Raynor;zcole@upton.com;Pa$$w0rd
Dr. Devonte Grimes;oconner.vernice@bogan.org;Pa$$w0rd
Clair Keebler;harmon45@gmail.com;Pa$$w0rd
Mrs. Beulah Runolfsdottir Sr.;streich.regan@koelpin.info;Pa$$w0rd
Angel Feest;nklein@yahoo.com;Pa$$w0rd
Georgette Stokes DVM;claude21@reichel.com;Pa$$w0rd
Brent Ward;ullrich.ernestine@gmail.com;Pa$$w0rd
Rubie Mraz;kaylee.dickens@stokes.com;Pa$$w0rd
Chandler DuBuque;tara58@johns.com;Pa$$w0rd
Kendrick Gislason;mann.christ@sipes.org;Pa$$w0rd
Daphnee Goyette;maddison.grady@sporer.com;Pa$$w0rd
Dr. Eryn Purdy;krystina.spinka@sauer.com;Pa$$w0rd
Wilhelmine Christiansen MD;sspencer@reinger.com;Pa$$w0rd
Lolita Runolfsson;tgutkowski@sauer.info;Pa$$w0rd
Daphney Effertz DVM;shudson@hotmail.com;Pa$$w0rd
Aaron Dicki;rsmitham@hotmail.com;Pa$$w0rd
Ms. Adrianna Schamberger V;bednar.haleigh@gmail.com;Pa$$w0rd
Ken Lesch;elisabeth.thompson@yahoo.com;Pa$$w0rd
Saul Breitenberg;larson.osvaldo@ankunding.com;Pa$$w0rd
Dakota Carter;mable90@sauer.org;Pa$$w0rd
Paris Denesik;jamison.mante@hyatt.biz;Pa$$w0rd
Zack Wehner;kunze.eli@yahoo.com;Pa$$w0rd
Dave Kertzmann;murray33@shields.org;Pa$$w0rd
Lyda Heidenreich;leda55@heller.com;Pa$$w0rd
Ms. Priscilla Hagenes I;rosenbaum.abbey@gmail.com;Pa$$w0rd
Yazmin Weimann;enoch04@bernhard.com;Pa$$w0rd
Adan Vandervort III;tillman.alison@medhurst.com;Pa$$w0rd
Brandyn Nader;fokon@hotmail.com;Pa$$w0rd
Granville Fay V;tara.leannon@becker.com;Pa$$w0rd
Osborne D'Amore II;williamson.shanelle@gmail.com;Pa$$w0rd
Dr. Rebeka Collins;nitzsche.claudine@thompson.com;Pa$$w0rd
Wilfredo Quitzon;nathen51@yahoo.com;Pa$$w0rd
Prof. Alexander Bergnaum;bernier.alessandra@hotmail.com;Pa$$w0rd
Miller Breitenberg DVM;seamus.orn@yahoo.com;Pa$$w0rd
Delores Metz;bwolf@torp.com;Pa$$w0rd
Amelia Schulist;vcassin@gmail.com;Pa$$w0rd
Mr. Sigmund Bins;antwan.block@lang.net;Pa$$w0rd
Mr. Gussie Kris;cole.lenora@hotmail.com;Pa$$w0rd
Efren Graham V;dewayne71@gmail.com;Pa$$w0rd
Rogelio Runolfsson;dach.francesco@kunze.com;Pa$$w0rd
Rafaela Stroman;fabiola.schuster@bechtelar.com;Pa$$w0rd
Naomie Jast;crolfson@yahoo.com;Pa$$w0rd
Prof. Aliza Kshlerin II;wiegand.brandt@gerlach.org;Pa$$w0rd
Ashlee Frami;dereck70@hotmail.com;Pa$$w0rd
Darrion Mayert;nyasia55@yahoo.com;Pa$$w0rd
Dr. Schuyler Nienow I;osimonis@gmail.com;Pa$$w0rd
Deion Osinski;lauren.wiegand@yahoo.com;Pa$$w0rd
Dr. Brionna Hackett;zschumm@sporer.com;Pa$$w0rd
Rudy Grant;ritchie.cydney@hotmail.com;Pa$$w0rd
Orlo Spinka I;tweimann@upton.net;Pa$$w0rd
Misael Skiles;rodolfo.ruecker@gmail.com;Pa$$w0rd
Alysa Robel;zelma28@hotmail.com;Pa$$w0rd
Prof. Shany Berge;nickolas21@kunze.com;Pa$$w0rd
Yasmeen Walter;simone.collins@erdman.com;Pa$$w0rd
Dr. Kariane Oberbrunner;natalia.wiza@kohler.biz;Pa$$w0rd
Niko Lueilwitz;wava.simonis@kessler.com;Pa$$w0rd
Lois Douglas;efriesen@armstrong.com;Pa$$w0rd
Mrs. Sydnee Mayert Sr.;simone36@goodwin.org;Pa$$w0rd
Bert Beahan;rempel.seth@hintz.org;Pa$$w0rd
Mrs. Minerva Barton V;kjast@yahoo.com;Pa$$w0rd
Dameon Considine;lucie.bartoletti@hotmail.com;Pa$$w0rd
Joana Bednar;hnolan@hotmail.com;Pa$$w0rd
Maximus Bechtelar;nader.clinton@yahoo.com;Pa$$w0rd
Dr. Lizzie Hauck Jr.;ofeest@stamm.com;Pa$$w0rd
Mr. Walker Funk Jr.;wmurray@kuhn.biz;Pa$$w0rd
Milford Aufderhar Jr.;winona15@frami.com;Pa$$w0rd
Bailey Wilkinson DDS;friesen.kaden@gmail.com;Pa$$w0rd
Rozella Crona;purdy.ryan@yahoo.com;Pa$$w0rd
Jamarcus Ruecker;xsmitham@yahoo.com;Pa$$w0rd
Rubie Krajcik;lorna32@weissnat.net;Pa$$w0rd
Jamarcus Greenholt;ckeeling@hotmail.com;Pa$$w0rd
Mekhi Kilback DVM;kstamm@jacobson.com;Pa$$w0rd
Maiya Fadel;austin.altenwerth@purdy.com;Pa$$w0rd
Rhett Koelpin I;walker.stokes@gmail.com;Pa$$w0rd
Sophie Bogan;jayda.shields@hahn.org;Pa$$w0rd
Bobbie Feil;mikel.kerluke@champlin.net;Pa$$w0rd
Athena Aufderhar;aisha.nikolaus@kuhn.com;Pa$$w0rd
Dr. Maximus Little;cristian.green@hotmail.com;Pa$$w0rd
Miss Estrella Durgan DDS;makenna.bradtke@hotmail.com;Pa$$w0rd
Prof. Sebastian Schmidt;nasir.hintz@brekke.biz;Pa$$w0rd
Sammie Frami;ibernier@mosciski.biz;Pa$$w0rd
Allie Lang;zulauf.eladio@donnelly.net;Pa$$w0rd
Coy VonRueden;grant.bennie@runolfsson.com;Pa$$w0rd
Leda Harber;johnston.jaydon@mclaughlin.info;Pa$$w0rd
Kianna Schneider;zella74@moore.com;Pa$$w0rd
Glenda Dibbert;albina29@yahoo.com;Pa$$w0rd
Jarret Stroman;schamberger.maya@monahan.com;Pa$$w0rd
Prof. Camilla Collier;legros.ivory@ernser.biz;Pa$$w0rd
Jorge Zemlak V;eva.quitzon@koss.com;Pa$$w0rd
Fred Corwin;jordi63@hotmail.com;Pa$$w0rd
Ms. Delia Rosenbaum Sr.;avery57@huels.org;Pa$$w0rd
Jazmyn Stark;sigurd69@parisian.com;Pa$$w0rd
Jerome O'Connell;kbaumbach@rutherford.org;Pa$$w0rd
Johan West;nienow.marisa@adams.com;Pa$$w0rd
Lonie Parisian;reva18@kemmer.com;Pa$$w0rd
Mrs. Eleanora Oberbrunner Sr.;fbeahan@jast.org;Pa$$w0rd
Cecelia Schumm;ekohler@hotmail.com;Pa$$w0rd
Dr. Rylan McClure;ikuhlman@hotmail.com;Pa$$w0rd
Hillard Kemmer PhD;garrick.homenick@hotmail.com;Pa$$w0rd
Prof. Nyah Wisoky;wtorp@yahoo.com;Pa$$w0rd
Darien Orn;becker.tyrique@yahoo.com;Pa$$w0rd
Prof. Kelsie Gutmann III;udurgan@pouros.net;Pa$$w0rd
Zackary Ratke;laverna82@ortiz.info;Pa$$w0rd
Mable Will Sr.;johan.kihn@tremblay.com;Pa$$w0rd
Prof. Linda Metz Jr.;alfonso.williamson@goldner.com;Pa$$w0rd
Dahlia Trantow;erohan@hotmail.com;Pa$$w0rd
Marlon Lebsack III;fbaumbach@yahoo.com;Pa$$w0rd
Clovis Green;marge65@yahoo.com;Pa$$w0rd
Camila Berge;luisa44@gmail.com;Pa$$w0rd
Dr. Dino Pagac Sr.;caleigh96@pfeffer.net;Pa$$w0rd
Wilma Schmidt;lkertzmann@hotmail.com;Pa$$w0rd
Roel Smitham;andre.romaguera@herman.com;Pa$$w0rd
Fermin Wisozk;conroy.delmer@yahoo.com;Pa$$w0rd
Prof. Dalton Quigley IV;runolfsson.erika@heaney.com;Pa$$w0rd
Prof. Lafayette Ankunding Sr.;bartoletti.edythe@cassin.info;Pa$$w0rd
Myriam Mayer Sr.;alana98@gmail.com;Pa$$w0rd
Maegan Schultz;geovany60@gmail.com;Pa$$w0rd
Russell Veum;cbogan@yahoo.com;Pa$$w0rd
Jamil Bauch;stephon76@hotmail.com;Pa$$w0rd
Mrs. Eileen Armstrong;marley70@batz.com;Pa$$w0rd
Theresia Hackett;kenny36@walsh.net;Pa$$w0rd
Mr. Kade Runte;chyna66@yahoo.com;Pa$$w0rd
Mariano Dietrich;maximillian47@hartmann.com;Pa$$w0rd
Cierra Effertz;jenkins.rosendo@gmail.com;Pa$$w0rd
Benny Kris;mcclure.anissa@paucek.com;Pa$$w0rd
Margarita Parker;rhianna.goodwin@pouros.com;Pa$$w0rd
Antonio Raynor;cbarton@hotmail.com;Pa$$w0rd
Kasey Dickens;bmosciski@gmail.com;Pa$$w0rd
Dr. Margret Bashirian;jammie.adams@maggio.net;Pa$$w0rd
Lily Conn;halvorson.birdie@grant.biz;Pa$$w0rd
Prof. Eveline Lindgren;mnitzsche@yahoo.com;Pa$$w0rd
Nathan Vandervort;wwest@gmail.com;Pa$$w0rd
Miss Ozella Mraz;jeffrey56@hotmail.com;Pa$$w0rd
Martina Kozey DDS;hgusikowski@hotmail.com;Pa$$w0rd
Karli Bogisich;bosco.thurman@kuhlman.biz;Pa$$w0rd
Lafayette Stoltenberg DVM;hgoodwin@casper.com;Pa$$w0rd
Dorthy Ebert DVM;hettinger.olen@gleichner.com;Pa$$w0rd
Miss Eden Huels MD;pgorczany@gmail.com;Pa$$w0rd
Dr. Eugene Franecki;raynor.patricia@yahoo.com;Pa$$w0rd
Prof. Hillard Purdy;lstokes@will.org;Pa$$w0rd
Rosamond Blanda;zeffertz@wintheiser.com;Pa$$w0rd
Waino Kshlerin MD;josefa.hand@yahoo.com;Pa$$w0rd
Lyda Marvin III;alison.fisher@hotmail.com;Pa$$w0rd
Lenore Leuschke;valentine93@gmail.com;Pa$$w0rd
Wendell Mertz III;mblock@boehm.com;Pa$$w0rd
Miss Ellie Hackett;blair.schmeler@yahoo.com;Pa$$w0rd
Tiffany Schiller;rschimmel@yahoo.com;Pa$$w0rd
Ursula Lynch;jessy.sanford@brekke.com;Pa$$w0rd
Crystal Erdman;hirthe.duane@aufderhar.info;Pa$$w0rd
Dr. Michale Hoppe V;upton.milton@gmail.com;Pa$$w0rd
Torrey Rowe;herzog.albert@yahoo.com;Pa$$w0rd
Arnaldo Gislason;hilma.strosin@hammes.com;Pa$$w0rd
Brain Dietrich;kuhn.norval@ritchie.com;Pa$$w0rd
Prof. Cruz Boyer;hilda.jacobson@schmeler.com;Pa$$w0rd
Omer Kutch;cummings.claud@yahoo.com;Pa$$w0rd
Tremayne Bauch;rlangworth@blanda.com;Pa$$w0rd
Adrien Larson;schmitt.amely@yahoo.com;Pa$$w0rd
Hailee Pfannerstill;german99@hotmail.com;Pa$$w0rd
Giovanna Monahan;jmorar@yahoo.com;Pa$$w0rd
Zena Schmitt;ykassulke@crist.com;Pa$$w0rd
Adam Moore DVM;ogaylord@stanton.biz;Pa$$w0rd
Cortez Emard DVM;lheidenreich@hotmail.com;Pa$$w0rd
Ruby Fritsch;hschuster@cole.com;Pa$$w0rd
Dr. Kiel Lindgren II;jessica.miller@murazik.com;Pa$$w0rd
Alexis Bergstrom DVM;nolan.lizeth@macejkovic.com;Pa$$w0rd
Harley Smitham Sr.;glebsack@hotmail.com;Pa$$w0rd
Arvel Hill;lewis.blanda@hagenes.net;Pa$$w0rd
Mr. Elmer Weimann;gdouglas@rowe.com;Pa$$w0rd
Rafaela Murphy PhD;emmitt.renner@hamill.com;Pa$$w0rd
Jayde Wiegand DDS;keeling.jadon@gmail.com;Pa$$w0rd
Ms. Abagail Wehner;dadams@welch.com;Pa$$w0rd
Dr. Alexandrea Raynor;ondricka.owen@price.net;Pa$$w0rd
Merlin Hodkiewicz;equigley@yahoo.com;Pa$$w0rd
Mrs. Lenora Schinner;tyreek89@little.com;Pa$$w0rd
Anibal Baumbach;lew49@beer.com;Pa$$w0rd
Abigail Sawayn;afton.lemke@hotmail.com;Pa$$w0rd
Jeanie Adams;thelma.friesen@gutmann.biz;Pa$$w0rd
Dr. Cheyanne Murphy Jr.;marjory.rippin@raynor.com;Pa$$w0rd
Jarod Hilpert;iyost@kshlerin.info;Pa$$w0rd
Walton Bailey II;maximillian24@hotmail.com;Pa$$w0rd
Dalton Kozey;nschroeder@marquardt.org;Pa$$w0rd
Ivy Roob;akautzer@hotmail.com;Pa$$w0rd
Ms. Lucienne Kreiger;lhessel@mclaughlin.com;Pa$$w0rd
Jayme Rodriguez PhD;maverick51@heathcote.net;Pa$$w0rd
Darron Mosciski;sandy62@wuckert.com;Pa$$w0rd
Mr. Johnnie Hegmann;kkilback@gmail.com;Pa$$w0rd
Janae White;susie.block@corwin.org;Pa$$w0rd
Hannah O'Conner;xfranecki@paucek.com;Pa$$w0rd
Rosario Mayer;tshields@yahoo.com;Pa$$w0rd
Mr. Fletcher Prohaska;friesen.amina@hackett.biz;Pa$$w0rd
Laury Zulauf;alta.dach@volkman.com;Pa$$w0rd
Dr. Euna Hermann;monahan.lonie@hotmail.com;Pa$$w0rd
Dr. Samir Stracke MD;mgoyette@muller.biz;Pa$$w0rd
Jarrod Ward;josefina24@gorczany.org;Pa$$w0rd
Dr. Reese Skiles DVM;katelin78@west.net;Pa$$w0rd
Prof. Erick Lesch;pascale31@keebler.info;Pa$$w0rd
Dr. Melissa Turner;esmeralda80@gmail.com;Pa$$w0rd
Easter Harber;ethelyn.mills@kerluke.info;Pa$$w0rd
Mr. Sydney Borer I;ujohns@hotmail.com;Pa$$w0rd
David Balistreri I;shanna.kessler@hotmail.com;Pa$$w0rd
Kendrick Ledner;iledner@crooks.com;Pa$$w0rd
Prof. Wilbert Olson;frutherford@gmail.com;Pa$$w0rd
Dr. Oda Haag III;jarrett42@wolf.net;Pa$$w0rd
Lonny Shields;nrenner@wehner.com;Pa$$w0rd
Dr. Alek Schmitt I;paige.oconner@haley.com;Pa$$w0rd
Elsa Shields;ghills@rosenbaum.net;Pa$$w0rd
Stephanie Kutch;luz.deckow@moen.com;Pa$$w0rd
Santino Herman;abdiel.huel@yahoo.com;Pa$$w0rd
Mariano Jerde;kkuhic@thompson.com;Pa$$w0rd
Dr. Tyree Harris IV;ebergstrom@roberts.org;Pa$$w0rd
Mrs. Alessandra Dooley III;chaim17@yahoo.com;Pa$$w0rd
Javier Corkery II;eschuppe@hotmail.com;Pa$$w0rd
Dr. Lilly Rodriguez;reichel.carlie@hotmail.com;Pa$$w0rd
Daron Bartell;yabshire@langosh.info;Pa$$w0rd
Prof. Morgan Lowe DVM;emmerich.heloise@yahoo.com;Pa$$w0rd
Jaquelin White;dgislason@dickens.com;Pa$$w0rd
Miss Rosalee Leffler;odaugherty@kuhn.info;Pa$$w0rd
Hertha Rohan;wmills@gmail.com;Pa$$w0rd
Patience Schoen;zkeebler@pollich.com;Pa$$w0rd
Katherine Bahringer;pschuster@turner.biz;Pa$$w0rd
Tom Gibson;maia92@homenick.com;Pa$$w0rd
Juana Kunze IV;una.schumm@gmail.com;Pa$$w0rd
Joelle Kub;hwelch@gmail.com;Pa$$w0rd
Jarvis Flatley;kassulke.francesca@trantow.com;Pa$$w0rd
Harold Langworth;davis.danielle@yahoo.com;Pa$$w0rd
Ms. Marianne Legros I;bins.myrtis@hotmail.com;Pa$$w0rd
Evans Ledner PhD;rjohnson@yahoo.com;Pa$$w0rd
Prof. Aron Marvin;fannie07@maggio.com;Pa$$w0rd
Dr. Maria Cruickshank PhD;carroll.kenyon@yahoo.com;Pa$$w0rd
Foster Windler;jerde.rowena@gmail.com;Pa$$w0rd
Raul Brakus;lucio13@waters.com;Pa$$w0rd
Prof. Robin Howe III;rau.howell@hamill.com;Pa$$w0rd
Aida Doyle;eleazar13@littel.com;Pa$$w0rd
Ofelia Ferry;johns.stacy@yahoo.com;Pa$$w0rd
Turner Hessel;ipagac@gmail.com;Pa$$w0rd
Jacinthe Nienow MD;hintz.effie@crist.com;Pa$$w0rd
Jazmin Greenholt;kacey.schultz@johnson.org;Pa$$w0rd
Miss Eldridge Toy;eula74@nolan.com;Pa$$w0rd
Brooke Botsford;jerrold.huels@shanahan.org;Pa$$w0rd
Sarah McGlynn;kihn.daniela@hotmail.com;Pa$$w0rd
Lavern Welch;hrippin@yahoo.com;Pa$$w0rd
Mr. Columbus Stamm I;morgan.ledner@vandervort.com;Pa$$w0rd
Mrs. Pauline Wunsch II;xvolkman@hotmail.com;Pa$$w0rd
Jeromy Gislason;grace.lowe@hirthe.net;Pa$$w0rd
Khalid Osinski I;douglas.daniella@lakin.info;Pa$$w0rd
Tatum Schulist;chasity.hodkiewicz@yahoo.com;Pa$$w0rd
Mauricio Abshire;edgar.collins@gmail.com;Pa$$w0rd
Osvaldo Schinner DVM;zander99@gmail.com;Pa$$w0rd
Chadd Upton;blanda.bridget@runolfsson.org;Pa$$w0rd
Prof. Ansel Predovic;pagac.vinnie@mante.net;Pa$$w0rd
Bernardo Halvorson;gwendolyn70@weber.biz;Pa$$w0rd
Ernestina Weimann;zzieme@hotmail.com;Pa$$w0rd
Anastasia Schiller Jr.;marlee.bode@sporer.com;Pa$$w0rd
Don Aufderhar;frederick95@hotmail.com;Pa$$w0rd
Dr. Doris Balistreri;rosenbaum.shaina@gmail.com;Pa$$w0rd
Willard Gutkowski;skye45@rowe.com;Pa$$w0rd
Prof. Jayde Bernier MD;pdach@jakubowski.biz;Pa$$w0rd
Dr. Adelbert Langosh Jr.;kgreenfelder@yahoo.com;Pa$$w0rd
Celia Kuhlman;skiles.lourdes@bashirian.net;Pa$$w0rd
Raina Waelchi DVM;rrice@olson.com;Pa$$w0rd
Dr. Bradly Collins DVM;karianne.mitchell@ferry.com;Pa$$w0rd
Pattie Kulas;hadley.carroll@bogan.net;Pa$$w0rd
Ona Walsh DVM;troob@jacobson.com;Pa$$w0rd
Rosalee Gerhold;pherman@murray.com;Pa$$w0rd
Ms. Emmanuelle Rolfson MD;rosalia85@gmail.com;Pa$$w0rd
Leta Heaney V;ryder.schumm@gmail.com;Pa$$w0rd
Dr. Herminio Goodwin DVM;zcormier@yahoo.com;Pa$$w0rd
Prof. Alison Ruecker;vern62@labadie.com;Pa$$w0rd
Brianne Jerde III;iortiz@yahoo.com;Pa$$w0rd
Rosalind Erdman III;ward.domingo@dickens.com;Pa$$w0rd
Dejah Littel;rbernhard@gmail.com;Pa$$w0rd
Jake Gerlach;schultz.travon@larkin.com;Pa$$w0rd
Millie Schimmel;norris.emard@cremin.com;Pa$$w0rd
Neal Mann;lucinda.olson@gmail.com;Pa$$w0rd
Nathan Harvey;gcummings@yahoo.com;Pa$$w0rd
Dr. Clemmie Bashirian II;zbrown@cormier.info;Pa$$w0rd
Gudrun Schuppe;harrison.herzog@feil.net;Pa$$w0rd
Prof. Clark Hodkiewicz;botsford.richmond@yahoo.com;Pa$$w0rd
Hunter Kunde;karley17@pfeffer.com;Pa$$w0rd
Miss Georgianna Erdman;mbednar@yahoo.com;Pa$$w0rd
Prof. Elijah Roob;trey.effertz@hotmail.com;Pa$$w0rd
Mr. Izaiah Raynor PhD;alexandra32@yahoo.com;Pa$$w0rd
Dr. Emiliano Williamson PhD;mdonnelly@hayes.com;Pa$$w0rd
Clementina Runolfsdottir;dasia25@jones.biz;Pa$$w0rd
Miss Hermina Labadie;jadon58@kerluke.com;Pa$$w0rd
Dr. Reggie Roob;burley.donnelly@hoppe.biz;Pa$$w0rd
Modesta Ritchie II;meda.dickinson@hotmail.com;Pa$$w0rd
Cody Goyette;waino20@bosco.com;Pa$$w0rd
Bernadette Lubowitz;joanne35@hotmail.com;Pa$$w0rd
Yvonne Zieme;blick.nayeli@gmail.com;Pa$$w0rd
Ms. Lela Ankunding;mckenna.stiedemann@gmail.com;Pa$$w0rd
Evans Welch;gschamberger@gmail.com;Pa$$w0rd
Coby Braun;kaylie98@yahoo.com;Pa$$w0rd
Mr. Lewis Okuneva IV;rosemary03@yahoo.com;Pa$$w0rd
Jude Jacobi;marquardt.fredy@kuvalis.net;Pa$$w0rd
Madyson Haag;antwan.schulist@yahoo.com;Pa$$w0rd
Elise Zboncak;areynolds@yahoo.com;Pa$$w0rd
Shannon Bode;diamond.friesen@yahoo.com;Pa$$w0rd
Pasquale Reilly;ohodkiewicz@gulgowski.com;Pa$$w0rd
Dr. Brigitte Kshlerin DDS;skyla.rodriguez@block.info;Pa$$w0rd
Ewell Wunsch;kyla.mcclure@yahoo.com;Pa$$w0rd
Mr. Alessandro Tromp;carlotta.hartmann@murazik.com;Pa$$w0rd
Stephan Champlin;cmcglynn@yahoo.com;Pa$$w0rd
Prof. Mario Smitham Jr.;schaefer.earnest@fahey.com;Pa$$w0rd
Mrs. Katrina Stokes Jr.;addie22@haag.info;Pa$$w0rd
Mrs. Brigitte Corwin;christiana57@yahoo.com;Pa$$w0rd
Mr. Keyon Yost DDS;guiseppe.yundt@hotmail.com;Pa$$w0rd
Roberta Cummings;anais.morissette@yahoo.com;Pa$$w0rd
Weldon Hirthe MD;hudson.taya@gmail.com;Pa$$w0rd
Gage Powlowski;maynard63@yahoo.com;Pa$$w0rd
Dr. Jamil Schaden;klesch@becker.com;Pa$$w0rd
Millie Torp;hillary.king@fay.biz;Pa$$w0rd
Bernard Vandervort;wolff.jesus@graham.biz;Pa$$w0rd
Prof. Lori Beer Sr.;randall79@gmail.com;Pa$$w0rd
Edwina Blanda;terrance32@wilkinson.com;Pa$$w0rd
Abbey Ortiz;alfreda.halvorson@weimann.biz;Pa$$w0rd
Dr. Janae Howell;lcronin@hotmail.com;Pa$$w0rd
Dr. Scotty Emmerich;ramiro38@yahoo.com;Pa$$w0rd
Prof. Brent Erdman;russel.delia@gmail.com;Pa$$w0rd
Margot Torphy;crona.sheila@kris.com;Pa$$w0rd
Liliana Ledner;fhyatt@gmail.com;Pa$$w0rd
Mrs. Meda Robel DVM;vbechtelar@hotmail.com;Pa$$w0rd
Ms. Casandra Eichmann;loyal.schmeler@yahoo.com;Pa$$w0rd
Lera Reichert;zheathcote@schmitt.com;Pa$$w0rd
Eliza Satterfield III;friesen.bertha@kunde.com;Pa$$w0rd
Selmer Wyman;shaun48@greenholt.com;Pa$$w0rd
Stella Schmeler;rowe.monica@lind.org;Pa$$w0rd
Mr. Napoleon Ward;folson@yahoo.com;Pa$$w0rd
Dr. Emmanuel Rice;mariah75@gmail.com;Pa$$w0rd
Prof. Braxton Schimmel V;joanne89@gmail.com;Pa$$w0rd
Terry Pagac;dillon.walter@olson.com;Pa$$w0rd
Paige Douglas;bdavis@hotmail.com;Pa$$w0rd
Yessenia Haag;qkohler@yahoo.com;Pa$$w0rd
Dorcas Mante;thea16@gmail.com;Pa$$w0rd
Gia Gottlieb;vherman@yahoo.com;Pa$$w0rd
Mr. Favian Lakin PhD;ycorkery@hotmail.com;Pa$$w0rd
Princess Deckow;cdibbert@hotmail.com;Pa$$w0rd
Alvis Parker;florian85@hotmail.com;Pa$$w0rd
Selena Schneider;brooklyn70@balistreri.com;Pa$$w0rd
Esmeralda Gibson;otto89@yahoo.com;Pa$$w0rd
Hertha Smitham;burdette25@gmail.com;Pa$$w0rd
Mr. Moshe Wilkinson PhD;abel54@hotmail.com;Pa$$w0rd
Leonora Flatley;salvatore73@hoppe.com;Pa$$w0rd
Donny Adams V;theodora05@feil.info;Pa$$w0rd
Lula Von II;kbeier@hand.org;Pa$$w0rd
Dr. Olin Pouros;clark19@stark.com;Pa$$w0rd
Mr. Casey Wilderman PhD;billie07@gmail.com;Pa$$w0rd
Katrine Runte;deshaun45@yahoo.com;Pa$$w0rd
Isaac Miller;kennedy87@lesch.com;Pa$$w0rd
Kamren Brakus;mnitzsche@hotmail.com;Pa$$w0rd
Prof. Vincenzo Hudson I;sterry@durgan.com;Pa$$w0rd
Evans Ratke;qrenner@hotmail.com;Pa$$w0rd
Hillard Lehner;moriah09@gmail.com;Pa$$w0rd
Prof. Fabiola Thompson;heidenreich.carmella@hoeger.org;Pa$$w0rd
Imelda Okuneva;emery.oberbrunner@hotmail.com;Pa$$w0rd
Prof. Mireille Paucek;mberge@kling.net;Pa$$w0rd
Prof. Albert Hammes;wayne23@hettinger.com;Pa$$w0rd
Danika Schuppe;oceane.brekke@osinski.com;Pa$$w0rd
Kamren Ledner;dgreenholt@yahoo.com;Pa$$w0rd
Petra Schneider;josefa.kiehn@gmail.com;Pa$$w0rd
Lillian Labadie;kerluke.kenyon@hotmail.com;Pa$$w0rd
June Lang;grover.medhurst@yahoo.com;Pa$$w0rd
Odessa Lind;hilma.krajcik@streich.net;Pa$$w0rd
Prof. Taryn Monahan Jr.;josefa.walker@fritsch.com;Pa$$w0rd
Brittany Schmeler;katelin15@ullrich.com;Pa$$w0rd
Taurean Gutmann;bernier.alden@hotmail.com;Pa$$w0rd
Ms. Aiyana Beatty Jr.;dietrich.ebony@blanda.info;Pa$$w0rd
Kaelyn Frami PhD;joyce19@bins.net;Pa$$w0rd
Mollie Fay;roob.clemens@koch.net;Pa$$w0rd
Miss Fatima Yundt MD;emmerich.fidel@cassin.info;Pa$$w0rd
Dedrick Hegmann;ewiza@yahoo.com;Pa$$w0rd
Johann Hessel;ryley96@gmail.com;Pa$$w0rd
Dr. Anastacio Gutkowski;vita30@yahoo.com;Pa$$w0rd
Lonie Welch III;rgoyette@yahoo.com;Pa$$w0rd
Prof. Moriah Gerlach Jr.;conor91@yahoo.com;Pa$$w0rd
Dennis Schumm DDS;john56@gmail.com;Pa$$w0rd
Cortez Paucek III;kacie.dibbert@kunde.com;Pa$$w0rd
Candice McKenzie;sylvester.stokes@erdman.com;Pa$$w0rd
Daniela Reinger;mcdermott.ima@yahoo.com;Pa$$w0rd
Mekhi Veum Jr.;larson.alexzander@yahoo.com;Pa$$w0rd
Prof. Gilberto Pagac IV;waino21@hotmail.com;Pa$$w0rd
Jackson Cruickshank;zfritsch@hotmail.com;Pa$$w0rd
Wilmer Thiel;hreynolds@hotmail.com;Pa$$w0rd
Letitia Hodkiewicz;ruthe.morar@reichel.info;Pa$$w0rd
Jacinto Hane;kiehn.earl@ondricka.com;Pa$$w0rd
Nettie Koepp;lue.haley@gmail.com;Pa$$w0rd
Gerard Lakin;egerlach@yahoo.com;Pa$$w0rd
Maiya Schmeler;randy62@renner.com;Pa$$w0rd
Alexa Harber PhD;zander72@hotmail.com;Pa$$w0rd
Eliezer Farrell DVM;cheyenne23@gmail.com;Pa$$w0rd
Sibyl Medhurst;bstehr@nienow.com;Pa$$w0rd
Jamison Franecki MD;orn.keara@hotmail.com;Pa$$w0rd
Meaghan Reichert;psawayn@hotmail.com;Pa$$w0rd
Tomas Renner;jacobi.coty@gmail.com;Pa$$w0rd
Meredith Kohler;annabelle77@maggio.com;Pa$$w0rd
Prof. Madelynn Bernier;tillman.kaycee@kunde.com;Pa$$w0rd
Izaiah Hagenes;soberbrunner@gmail.com;Pa$$w0rd
Moriah Klocko;lexie04@hotmail.com;Pa$$w0rd
Ludwig Bailey V;buster27@yahoo.com;Pa$$w0rd
Prof. Casimer Ankunding MD;antwon.mcglynn@ziemann.net;Pa$$w0rd
Lucinda Gutmann;zhand@lakin.com;Pa$$w0rd
Ervin Hackett DDS;malika.streich@smith.com;Pa$$w0rd
Cielo Dibbert;qtromp@turner.com;Pa$$w0rd
Dr. Vince Waelchi Sr.;ofelia.mann@gmail.com;Pa$$w0rd
Berneice Wehner;angelina16@von.info;Pa$$w0rd
Prof. Bridgette Yundt DDS;armando.conroy@white.biz;Pa$$w0rd
Narciso Harvey;lina.luettgen@gmail.com;Pa$$w0rd
Makenzie Volkman;liliana.lueilwitz@reilly.com;Pa$$w0rd
Lurline Koss V;parisian.samanta@vonrueden.com;Pa$$w0rd
Joelle Cummings I;chelsey.gleichner@konopelski.net;Pa$$w0rd
Jermain Connelly;rene.gleason@kovacek.biz;Pa$$w0rd
Prof. Angie Harber;gortiz@gmail.com;Pa$$w0rd
Samantha Altenwerth;dwight.kemmer@yahoo.com;Pa$$w0rd
Ms. Cortney Dickens Jr.;jlehner@swaniawski.org;Pa$$w0rd
Hanna Walsh;qharvey@bauch.com;Pa$$w0rd
Augusta Lang;abshire.alyson@gmail.com;Pa$$w0rd
Bernadette Fritsch;marques.nienow@bashirian.com;Pa$$w0rd
Octavia Stiedemann;fconroy@gmail.com;Pa$$w0rd
Libby Bogisich;kendrick.bartoletti@gmail.com;Pa$$w0rd
Miss Emmy Graham Sr.;josefina.shanahan@ritchie.info;Pa$$w0rd
Marilou Waters MD;tavares.runolfsdottir@stoltenberg.com;Pa$$w0rd
Zakary Willms DVM;hubert80@hotmail.com;Pa$$w0rd
Dr. Saige Will;parker.julie@crist.com;Pa$$w0rd
Rafaela Pagac Sr.;freeman41@yahoo.com;Pa$$w0rd
Mr. Norbert Hirthe;amani54@rowe.org;Pa$$w0rd
Ramon Kuvalis;kharber@gmail.com;Pa$$w0rd
Mrs. Theodora Mayert;ezequiel15@gmail.com;Pa$$w0rd
Mrs. Santina Kulas;candice.schaefer@mosciski.com;Pa$$w0rd
Dr. Anastacio Green MD;ken77@ryan.com;Pa$$w0rd
Mr. Kale Hand II;doyle.lakin@ullrich.com;Pa$$w0rd
Dr. Dorothea McCullough DDS;pgislason@goodwin.org;Pa$$w0rd
Misty Swift;ybernier@yahoo.com;Pa$$w0rd
Jerrell Bernhard;erik.okuneva@yahoo.com;Pa$$w0rd
Gertrude Dare;kristin.oconner@yahoo.com;Pa$$w0rd
Betty Rutherford III;ltorphy@gmail.com;Pa$$w0rd
Mr. Walton Conn I;eula.olson@gmail.com;Pa$$w0rd
Prof. Hermann Ortiz;katelyn.langosh@parker.com;Pa$$w0rd
Barton Gleason;catalina34@okeefe.com;Pa$$w0rd
Nico Kulas I;katlyn.hansen@gmail.com;Pa$$w0rd
Marty Mosciski;hflatley@yahoo.com;Pa$$w0rd
Micaela Heaney Sr.;eric03@yahoo.com;Pa$$w0rd
Kenyatta Schmidt MD;nbeer@gmail.com;Pa$$w0rd
Ms. Aisha Leannon;priscilla.mertz@gmail.com;Pa$$w0rd
Vena Legros;cleveland.jacobson@hotmail.com;Pa$$w0rd
Miss Angeline Schmitt;aufderhar.titus@considine.com;Pa$$w0rd
Marcelle Volkman;rodrick14@gmail.com;Pa$$w0rd
Anabelle Kutch;godfrey96@rempel.com;Pa$$w0rd
Favian Graham;ephraim.rohan@dach.com;Pa$$w0rd
Ova Wuckert;fjacobi@hotmail.com;Pa$$w0rd
Mr. Hershel Ratke;blanda.nikolas@lueilwitz.com;Pa$$w0rd
Ashleigh Abbott II;shayna82@friesen.biz;Pa$$w0rd
Chester Mayer;candida14@hotmail.com;Pa$$w0rd
Anahi Hickle;kub.gerardo@leffler.com;Pa$$w0rd
Pauline Wintheiser PhD;auer.robyn@gmail.com;Pa$$w0rd
Miss Ines Brakus;freddy.zemlak@gmail.com;Pa$$w0rd
Else Skiles;renner.roscoe@hotmail.com;Pa$$w0rd
Erling Schultz MD;jaquelin.corkery@yahoo.com;Pa$$w0rd
Ms. Loren Lindgren PhD;edd.rodriguez@gmail.com;Pa$$w0rd
Madalyn Waters;horace16@oreilly.com;Pa$$w0rd
Kennedy Toy;bode.odie@champlin.com;Pa$$w0rd
Delfina Schmidt;ledner.bethel@goyette.biz;Pa$$w0rd
Deondre Wisozk;celia19@yahoo.com;Pa$$w0rd
Ms. Kenna Kris Sr.;jose.bahringer@gmail.com;Pa$$w0rd
Mr. Reggie Larson;vwitting@bins.com;Pa$$w0rd
Berta Schumm DVM;okuneva.carolyne@orn.net;Pa$$w0rd
Dr. Rigoberto Tremblay I;ophelia.koepp@rath.com;Pa$$w0rd
Deonte Kreiger;emiliano.cruickshank@gleason.biz;Pa$$w0rd
Mrs. Destany Bartell;wquigley@abshire.biz;Pa$$w0rd
Dr. Norberto Cummings Sr.;zschaden@koss.org;Pa$$w0rd
Hal Rippin;broderick09@gorczany.com;Pa$$w0rd
Mr. Cale Lind PhD;loyal.heaney@gmail.com;Pa$$w0rd
Mr. Darrion Emard DDS;lklein@hartmann.biz;Pa$$w0rd
Malvina Kohler;aemmerich@yahoo.com;Pa$$w0rd
Ramona Gusikowski;swaniawski.emma@goldner.info;Pa$$w0rd
Darrel Breitenberg IV;vidal.nicolas@hotmail.com;Pa$$w0rd
Antonio Smitham;crist.elliott@yahoo.com;Pa$$w0rd
Leilani Mayer;qbeahan@yahoo.com;Pa$$w0rd
Prof. Darius Shields V;lowe.linwood@boyle.com;Pa$$w0rd
Cecilia Klein;kertzmann.janet@yahoo.com;Pa$$w0rd
Ms. Leslie Pouros;stanford99@leannon.org;Pa$$w0rd
Raven Effertz;qpaucek@monahan.com;Pa$$w0rd
Elaina Emard;crona.newell@yahoo.com;Pa$$w0rd
Thurman Kautzer PhD;wuckert.maude@yahoo.com;Pa$$w0rd
Enid Johnson;alysson59@simonis.com;Pa$$w0rd
Ashlee Wyman;robb.hickle@hotmail.com;Pa$$w0rd
Gonzalo Huel;charlene.nolan@paucek.com;Pa$$w0rd
Dr. Kelly Runolfsdottir III;tristin.terry@wyman.com;Pa$$w0rd
Jeremie Murazik;tina.streich@hotmail.com;Pa$$w0rd
Mrs. Santina Hettinger;stefanie.lebsack@gottlieb.com;Pa$$w0rd
Prof. Frankie Kling;kali23@yahoo.com;Pa$$w0rd
Rocky Ratke;gunnar.sanford@buckridge.com;Pa$$w0rd
Buck Bashirian;katelin24@yahoo.com;Pa$$w0rd
Dr. Erik O'Connell DDS;schuyler.bechtelar@ebert.net;Pa$$w0rd
Trevor Zboncak;dangelo21@hotmail.com;Pa$$w0rd
Prof. Sydnie Oberbrunner;muller.raheem@gmail.com;Pa$$w0rd
Prof. Micheal Halvorson;randall.gottlieb@yahoo.com;Pa$$w0rd
Brook Lindgren;xstanton@howe.com;Pa$$w0rd
Prof. Nicola Swaniawski DVM;lonie.terry@bins.com;Pa$$w0rd
Adeline Rodriguez;steuber.garfield@green.net;Pa$$w0rd
Dr. Keshaun Stokes DDS;helene.buckridge@gislason.com;Pa$$w0rd
Mr. Brendan Cronin;johnathan19@krajcik.com;Pa$$w0rd
Shea Cruickshank;virginia.bosco@lemke.biz;Pa$$w0rd
Frank Bergstrom;kerdman@yahoo.com;Pa$$w0rd
Ms. Edythe Robel MD;rdibbert@kautzer.com;Pa$$w0rd
Era Gutkowski;golda.kessler@yahoo.com;Pa$$w0rd
Stone O'Hara;dmoore@gmail.com;Pa$$w0rd
Emelie Jaskolski Jr.;maximilian97@hotmail.com;Pa$$w0rd
Nedra Wuckert;clare20@koelpin.com;Pa$$w0rd
Prof. Garry Flatley Jr.;zemlak.dax@hotmail.com;Pa$$w0rd
Prof. Maude Weissnat;ratke.ubaldo@gmail.com;Pa$$w0rd
Elisabeth Bins I;neva19@hotmail.com;Pa$$w0rd
Oma Mitchell;hfay@gmail.com;Pa$$w0rd
Jordi Wyman;zhilpert@yahoo.com;Pa$$w0rd
Mr. Rosario Schoen I;athena.mohr@wolff.org;Pa$$w0rd
Mr. Hollis Larkin;darius14@hotmail.com;Pa$$w0rd
Joaquin Tromp;maribel39@yahoo.com;Pa$$w0rd
Neil Pagac;amanda72@gmail.com;Pa$$w0rd
Ellsworth Mayer MD;zoila.abbott@kuhic.com;Pa$$w0rd
Sheila Dare;saltenwerth@gmail.com;Pa$$w0rd
Kira Windler;rowe.margaret@hotmail.com;Pa$$w0rd
Daron Barrows;cskiles@huel.com;Pa$$w0rd
Savannah Roob;steuber.asia@rutherford.net;Pa$$w0rd
Dr. Jett Predovic;lilyan31@hotmail.com;Pa$$w0rd
Marion Volkman;joana.huels@hotmail.com;Pa$$w0rd
Cameron Romaguera;rosina.spinka@blanda.com;Pa$$w0rd
Prof. Colten Beer;olegros@hotmail.com;Pa$$w0rd
Mireille Feil;ladarius.russel@yahoo.com;Pa$$w0rd
Raul Schowalter;boyer.allison@gmail.com;Pa$$w0rd
Lindsay Greenfelder;rwiza@gmail.com;Pa$$w0rd
Kelton Turcotte III;georgette12@vandervort.org;Pa$$w0rd
Ocie Schowalter;lucius.schulist@yahoo.com;Pa$$w0rd
Beau Kling;nwatsica@hotmail.com;Pa$$w0rd
Heather Stokes;bulah88@hotmail.com;Pa$$w0rd
Logan Reilly;timmy.hauck@hotmail.com;Pa$$w0rd
Blair Eichmann;chaya76@green.info;Pa$$w0rd
Dr. Bobby Champlin IV;ziemann.charley@ward.org;Pa$$w0rd
Martin Brakus;rolfson.jay@gmail.com;Pa$$w0rd
Elisa Runolfsson;tborer@gmail.com;Pa$$w0rd
Prof. Bailey Schuppe I;trevion.hahn@baumbach.com;Pa$$w0rd
Larue Schmitt II;twest@anderson.com;Pa$$w0rd
Dr. Lavonne O'Hara DVM;sylvester.hagenes@yahoo.com;Pa$$w0rd
Dr. Santiago Halvorson;yundt.elijah@yahoo.com;Pa$$w0rd
Prof. Avis Mayert;sipes.lessie@gmail.com;Pa$$w0rd
Keshaun Ebert;benedict90@hotmail.com;Pa$$w0rd
Efrain Becker;gage05@yahoo.com;Pa$$w0rd
Mrs. Ellie Leffler;becker.ahmad@block.com;Pa$$w0rd
Nicholaus Schneider;lamont45@yahoo.com;Pa$$w0rd
Prof. Willis Weissnat;sallie.boyer@zemlak.info;Pa$$w0rd
Mr. Amparo Runolfsson V;art24@hand.com;Pa$$w0rd
Kenny Hudson;murphy.adan@hotmail.com;Pa$$w0rd
Prof. Kelton Abbott MD;bkautzer@legros.net;Pa$$w0rd
Lon Kulas;legros.ursula@hotmail.com;Pa$$w0rd
Vickie Fritsch;rita.robel@glover.com;Pa$$w0rd
Prof. Adriel Emmerich;graciela14@gaylord.com;Pa$$w0rd
Noemie Spinka;ylarson@balistreri.biz;Pa$$w0rd
Godfrey Wiza;kara43@yahoo.com;Pa$$w0rd
Zander Hessel;schimmel.deanna@yahoo.com;Pa$$w0rd
Santa Berge;vivianne64@lowe.info;Pa$$w0rd
Dr. Annalise Kulas MD;georgiana.shields@abernathy.com;Pa$$w0rd
Prof. Alexane Thompson;abner.ziemann@fisher.com;Pa$$w0rd
Alberto Kuhn;windler.edgardo@johns.org;Pa$$w0rd
Prof. Eldon Schuster;schinner.cade@yahoo.com;Pa$$w0rd
Bonita Runolfsson;antonetta73@blick.info;Pa$$w0rd
Mrs. Daphney Gulgowski;brandon.tillman@gmail.com;Pa$$w0rd
Kory Beier;leo16@carroll.org;Pa$$w0rd
Mrs. Kenya Goyette;lnikolaus@yahoo.com;Pa$$w0rd
Rowena Osinski;krista64@gmail.com;Pa$$w0rd
Rae Berge;laurel08@yahoo.com;Pa$$w0rd
Berta Harvey V;hcummerata@yahoo.com;Pa$$w0rd
Maxime Collins V;klegros@hyatt.com;Pa$$w0rd
Wilford McKenzie;bertram.daugherty@ledner.com;Pa$$w0rd
Dr. Juvenal Parker III;schiller.lucile@gmail.com;Pa$$w0rd
Cecil Walter;ygibson@gmail.com;Pa$$w0rd
Nick Wintheiser III;aharber@okeefe.info;Pa$$w0rd
Paxton Oberbrunner;nelle04@cummings.com;Pa$$w0rd
Ms. Aileen Heaney;ichamplin@hotmail.com;Pa$$w0rd
Claudia Boyer V;felix14@watsica.biz;Pa$$w0rd
Amira Brown;remington.gislason@swaniawski.info;Pa$$w0rd
Dr. Moses Konopelski DVM;wendy.rosenbaum@wilderman.com;Pa$$w0rd
Mr. Raheem Erdman;howell.emie@gmail.com;Pa$$w0rd
Einar Littel;sadye.kris@gmail.com;Pa$$w0rd
Prof. Ladarius Sporer IV;jenkins.malvina@hotmail.com;Pa$$w0rd
Mr. Kevin Roob;kristina.rutherford@gmail.com;Pa$$w0rd
Ferne Erdman;carley60@murphy.info;Pa$$w0rd
Dr. Aubrey Kreiger;reichert.tiara@yahoo.com;Pa$$w0rd
Prof. Bell Kassulke;gstracke@buckridge.com;Pa$$w0rd
Erling Gerhold III;ldeckow@bahringer.com;Pa$$w0rd
Juwan Halvorson;willow02@stokes.com;Pa$$w0rd
Dr. Jevon Zulauf;odessa.beer@hotmail.com;Pa$$w0rd
Christop Hegmann;torrey10@hotmail.com;Pa$$w0rd
Mrs. Dessie Bechtelar III;rachael67@oberbrunner.net;Pa$$w0rd
Leonora Langosh;adietrich@hotmail.com;Pa$$w0rd
Cecelia Hoppe;sporer.geoffrey@hotmail.com;Pa$$w0rd
Hoyt Leannon;lacy.bruen@dooley.com;Pa$$w0rd
Cleta Eichmann;pablo77@kulas.com;Pa$$w0rd
Yessenia Raynor;batz.demario@sipes.net;Pa$$w0rd
Makenzie Grant;estel.olson@hotmail.com;Pa$$w0rd
Isom Barton;gust.runolfsdottir@mckenzie.com;Pa$$w0rd
Triston Heaney II;demond.welch@thiel.com;Pa$$w0rd
Mr. Dashawn Schumm V;mdeckow@yahoo.com;Pa$$w0rd
Filiberto Nikolaus;magali.keebler@bradtke.org;Pa$$w0rd
Mr. Kade Feil;savannah.jacobi@yahoo.com;Pa$$w0rd
Aleen Haley;botsford.hope@yahoo.com;Pa$$w0rd
Prof. Wanda Bailey;ecummings@gmail.com;Pa$$w0rd
Adela Runolfsson;xgrady@krajcik.com;Pa$$w0rd
Audie Will;antwan04@greenfelder.com;Pa$$w0rd
Ms. Eudora Cormier;howell.margarett@effertz.info;Pa$$w0rd
Freda Rohan;elvie.toy@gmail.com;Pa$$w0rd
Mr. Kellen Kautzer II;wilton.cartwright@hotmail.com;Pa$$w0rd
Janet McCullough;gwalker@gmail.com;Pa$$w0rd
Prof. Levi Larkin PhD;rolfson.enola@grant.com;Pa$$w0rd
Dr. Ada Rodriguez;jarred23@yahoo.com;Pa$$w0rd
Nels Satterfield MD;mertie.dibbert@greenfelder.com;Pa$$w0rd
Ms. Gladyce Parker;shea.orn@hotmail.com;Pa$$w0rd
Verda Littel;cordie43@mills.com;Pa$$w0rd
Miss Hattie Schuppe I;arjun75@hotmail.com;Pa$$w0rd
Eulah Trantow Jr.;kyler53@gmail.com;Pa$$w0rd
Prof. Odie Schmitt;ufeest@durgan.com;Pa$$w0rd
Krista Schuster;eleanora.kris@hotmail.com;Pa$$w0rd
Mr. Arely Stehr DDS;ewald96@gmail.com;Pa$$w0rd
Mr. Keven Lemke I;torphy.andy@hotmail.com;Pa$$w0rd
Kattie Williamson;schultz.payton@marquardt.org;Pa$$w0rd
Mabelle Shields;frami.alexandrine@dickens.com;Pa$$w0rd
Prof. Niko Abbott DDS;yvon@gusikowski.com;Pa$$w0rd
Mandy Oberbrunner;ohara.maude@jenkins.com;Pa$$w0rd
Ms. Angelica Langosh;krystal.monahan@maggio.net;Pa$$w0rd
Mr. Judge Bernier;abaumbach@yahoo.com;Pa$$w0rd
Wilma Rohan;johnston.tremayne@runolfsdottir.com;Pa$$w0rd
Florine Gottlieb;little.rodrick@bogisich.info;Pa$$w0rd
Henri Bednar;kaelyn73@gottlieb.org;Pa$$w0rd
Adeline Predovic;kmayert@hotmail.com;Pa$$w0rd
Golda Carroll;zgulgowski@streich.info;Pa$$w0rd
Prof. Gerry Lebsack;kshlerin.sofia@yahoo.com;Pa$$w0rd
Mona Jaskolski Jr.;durgan.amelia@hodkiewicz.org;Pa$$w0rd
Isom Hagenes;heber.konopelski@hotmail.com;Pa$$w0rd
Chase Strosin;maida.lockman@yahoo.com;Pa$$w0rd
Toy Rath;kuhlman.lorna@corwin.biz;Pa$$w0rd
Cora Schultz;fisher.xzavier@gmail.com;Pa$$w0rd
Chase Ritchie;cyrus72@gmail.com;Pa$$w0rd
Onie Crist;wehner.tanya@yahoo.com;Pa$$w0rd
Xzavier Bernier;victor.gottlieb@gmail.com;Pa$$w0rd
Torrey Wilderman;lucy.zemlak@fadel.biz;Pa$$w0rd
Prof. Emerald Rau;malvina57@stokes.com;Pa$$w0rd
Elouise Grady;sauer.lilyan@douglas.info;Pa$$w0rd
Dr. Lavada Beatty MD;batz.roberta@gusikowski.com;Pa$$w0rd
Dr. Jaquan Wisoky;casper74@kemmer.info;Pa$$w0rd
Hubert Prohaska;mohammed.veum@yahoo.com;Pa$$w0rd
Dr. Ewell Frami DDS;ole.deckow@hotmail.com;Pa$$w0rd
Hilda Barton;benjamin.bogan@hotmail.com;Pa$$w0rd
Melyssa Schneider;providenci.glover@hotmail.com;Pa$$w0rd
Harrison Harris IV;dickinson.adriana@gerhold.com;Pa$$w0rd
Romaine Bogan;dweimann@hotmail.com;Pa$$w0rd
Arnold Kuhlman Sr.;balistreri.miguel@bartell.info;Pa$$w0rd
Keaton Cartwright;terry.brandt@daniel.com;Pa$$w0rd
Mrs. Polly Pfeffer MD;dillon60@welch.info;Pa$$w0rd
Ashly Nikolaus I;jast.george@gmail.com;Pa$$w0rd
Sydnie Kuvalis;elsie72@hotmail.com;Pa$$w0rd
Eveline Hayes DDS;selina.rosenbaum@tromp.com;Pa$$w0rd
Dr. Trycia Larson IV;sporer.bo@klocko.com;Pa$$w0rd
Herminia McKenzie;keely87@turcotte.info;Pa$$w0rd
Coby Barton;mellie50@jaskolski.net;Pa$$w0rd
Dario Walker;fgorczany@simonis.net;Pa$$w0rd
Karl Marvin;rebeka.roberts@hotmail.com;Pa$$w0rd
Selina Stracke;tremaine.walker@gmail.com;Pa$$w0rd
Betty Mills;xdaniel@glover.com;Pa$$w0rd
Donny Nikolaus;gayle15@murazik.org;Pa$$w0rd
Rusty Morissette;mohammed.breitenberg@gmail.com;Pa$$w0rd
Rey Lehner;mabel74@hirthe.com;Pa$$w0rd
Michael Jacobi;ttremblay@hotmail.com;Pa$$w0rd
Jeffry Frami;eschultz@bechtelar.net;Pa$$w0rd
Rashad Prohaska;myrtie.kris@zemlak.com;Pa$$w0rd
Nikolas West;smitham.lazaro@gmail.com;Pa$$w0rd
Terrill Hoppe;egerhold@brown.net;Pa$$w0rd
Flavio Kovacek;oceane08@haley.com;Pa$$w0rd
Josephine Lebsack;tressie81@goyette.com;Pa$$w0rd
Cortney Rempel;kozey.gerry@wyman.com;Pa$$w0rd
Marietta Kirlin;vmayert@gmail.com;Pa$$w0rd
Prof. Amir Fahey;hstreich@trantow.org;Pa$$w0rd
Brady McGlynn;king.mandy@hotmail.com;Pa$$w0rd
Miss Leora Rowe II;brent73@jacobi.com;Pa$$w0rd
Ethyl Hyatt;eda.murphy@yahoo.com;Pa$$w0rd
Rod Zieme;xoreilly@yahoo.com;Pa$$w0rd
Dr. Lorine Sanford;francisco.dach@effertz.com;Pa$$w0rd
Dr. Haskell Walsh;xhansen@gmail.com;Pa$$w0rd
Ms. Ophelia Pouros;vincent.hessel@gmail.com;Pa$$w0rd
Gregorio Terry;rschuster@hodkiewicz.org;Pa$$w0rd
Dr. Melody Renner;ola16@gmail.com;Pa$$w0rd
Prof. Dawson Jakubowski PhD;ethyl98@walker.com;Pa$$w0rd
Cyrus Thiel;ortiz.pearlie@yahoo.com;Pa$$w0rd
Maureen Daugherty;annamae60@hotmail.com;Pa$$w0rd
Concepcion McDermott;astokes@hotmail.com;Pa$$w0rd
Ms. Wanda Monahan;lucas63@gmail.com;Pa$$w0rd
Alta Russel;godfrey.nienow@senger.com;Pa$$w0rd
Eldon Mueller DVM;cielo38@schinner.com;Pa$$w0rd
Vincenzo Reichel;doris89@veum.com;Pa$$w0rd
Terrell Mann;amir86@gmail.com;Pa$$w0rd
Jordon Waelchi;ddare@klein.com;Pa$$w0rd
Delta Baumbach;waelchi.chester@gmail.com;Pa$$w0rd
Stella Rogahn;felton64@satterfield.com;Pa$$w0rd
Miss Sonia Hahn;destinee.emard@cormier.info;Pa$$w0rd
Gerry Barrows;gerald75@yahoo.com;Pa$$w0rd
Prof. Hilario Leffler I;dfahey@hotmail.com;Pa$$w0rd
John Tillman I;vhudson@yahoo.com;Pa$$w0rd
Icie Rau DVM;hoeger.jabari@steuber.info;Pa$$w0rd
Marcella Stroman DVM;avis84@damore.com;Pa$$w0rd
Graciela Ritchie III;domenic.littel@osinski.com;Pa$$w0rd
Angelina Langworth;tcrist@yahoo.com;Pa$$w0rd
Gilbert Labadie;darwin08@beier.com;Pa$$w0rd
Miss Heath Glover;ocronin@strosin.com;Pa$$w0rd
Douglas Kerluke;hackett.shannon@fadel.info;Pa$$w0rd
Alysha Kunde;sorn@stroman.net;Pa$$w0rd
Bryon Bernhard;vern.abbott@hoeger.biz;Pa$$w0rd
Cleo Hane;zbradtke@shields.com;Pa$$w0rd
Vesta Gerlach;clifford47@hotmail.com;Pa$$w0rd
Dr. Bart Pfeffer V;laverne.mertz@borer.org;Pa$$w0rd
Greg Crona V;cmarquardt@mcclure.com;Pa$$w0rd
Benedict Stokes;brendon98@feil.com;Pa$$w0rd
Cornelius Cole I;kaycee85@hotmail.com;Pa$$w0rd
Arlene Dietrich;jermain87@satterfield.info;Pa$$w0rd
Taurean Raynor;selmer.zulauf@pfannerstill.com;Pa$$w0rd
Mr. Samir Rippin;keely49@hotmail.com;Pa$$w0rd
Prof. Tevin Walker III;buck.altenwerth@hickle.biz;Pa$$w0rd
Dr. Davon Denesik;felicity87@morar.com;Pa$$w0rd
Ahmad Boehm;alayna.conroy@gmail.com;Pa$$w0rd
Alverta Ruecker;kmohr@jacobson.org;Pa$$w0rd
Ms. Sunny Gulgowski PhD;gbednar@moore.com;Pa$$w0rd
Giovani Bogisich;carroll.andre@wilkinson.com;Pa$$w0rd
Jessica Reynolds;cwalker@keebler.net;Pa$$w0rd
Gwen Welch MD;deja95@witting.com;Pa$$w0rd
Arne Lemke;jovani.hansen@hotmail.com;Pa$$w0rd
Branson Ebert;hwilderman@gmail.com;Pa$$w0rd
Evalyn Block;tpacocha@gmail.com;Pa$$w0rd
Prof. Leone Sanford II;lubowitz.lelah@halvorson.com;Pa$$w0rd
Augustus Kihn;ffisher@hotmail.com;Pa$$w0rd
Colton Beatty DDS;desiree49@gmail.com;Pa$$w0rd
Hardy Larkin;mcassin@lemke.com;Pa$$w0rd
Michel Medhurst;layla30@pacocha.com;Pa$$w0rd
Prof. Marisol Nader Sr.;smaggio@hotmail.com;Pa$$w0rd
Prof. Alessandro Anderson MD;cronin.noemi@leannon.com;Pa$$w0rd
Jarvis Heller;stiedemann.retta@wyman.com;Pa$$w0rd
Glen Weimann;earnest63@raynor.biz;Pa$$w0rd
Mrs. Hertha Gottlieb;njacobs@gmail.com;Pa$$w0rd
Laverne Hoeger;adriana27@yahoo.com;Pa$$w0rd
Shanelle Christiansen III;ricardo.leuschke@lemke.info;Pa$$w0rd
Floyd Jacobs;gaylord.myriam@gmail.com;Pa$$w0rd
Cathy Rogahn;jhirthe@yahoo.com;Pa$$w0rd
Jalyn Fisher PhD;maiya.hamill@okuneva.com;Pa$$w0rd
Gene Stiedemann PhD;jebert@kris.com;Pa$$w0rd
